Latitude,Longitude,class
40.696256,-73.996966,1
40.71309,-73.95255,1
40.71309,-73.95255,1
40.711813,-73.952933,1
40.711749,-73.952971,1
40.703807,-73.990578,1
40.604354,-73.909159,1
40.69651,-73.997209,1
40.72297,-73.94052,1
40.69584,-73.99245,1
40.695227,-73.993522,1
40.628021,-74.038361,1
40.697103,-73.995923,1
40.70189,-73.99553,1
40.691901,-73.992574,1
40.693846,-73.991133,1
40.674637,-73.983545,1
40.70504,-73.98732,1
40.686913,-73.977539,1
40.694182,-73.99764,1
40.696238,-73.996746,0
40.703807,-73.990578,1
40.70189,-73.99553,1
40.70189,-73.99553,1
40.685685,-73.989842,1
40.678422,-73.983617,1
40.70504,-73.98732,1
40.682886,-73.997866,1
40.70189,-73.99553,1
40.70189,-73.99553,1
40.70189,-73.99553,1
40.68091,-73.968406,1
40.70189,-73.99553,1
40.680319,-74.000171,1
40.709957,-73.968491,1
40.709957,-73.968491,1
40.70504,-73.98732,1
40.682142,-73.97845,1
40.679727,-73.949544,1
40.68319,-73.9461,1
40.6804,-73.997298,1
40.681129,-73.97244,1
40.601788,-73.948725,1
40.703856,-73.986582,1
40.696716,-73.992341,1
40.70504,-73.98732,1
40.641344,-74.013386,1
40.671778,-73.975946,1
40.680231,-74.001073,1
40.682676,-73.963114,1
40.696982,-73.995056,0
40.688904,-73.992244,0
40.689579,-73.977341,1
40.70504,-73.98732,1
40.6922,-73.927896,1
40.674054,-73.97071,1
40.70504,-73.98732,1
40.703856,-73.986582,1
40.70504,-73.98732,1
40.70504,-73.98732,1
40.70504,-73.98732,1
40.671195,-73.973017,1
40.69702,-73.9953,0
40.674822,-73.972016,1
40.718842,-73.951536,1
40.70504,-73.98732,1
40.68494,-73.985624,1
40.688904,-73.992244,0
40.691515,-73.985428,1
40.70189,-73.99553,1
40.70504,-73.98732,1
40.70504,-73.98732,1
40.640117,-74.011873,1
40.714491,-73.944918,1
40.668494,-73.977912,1
40.696212,-73.996765,0
40.684545,-73.998068,0
40.682143,-73.978477,1
40.671769,-73.972704,0
40.682142,-73.97845,1
40.682142,-73.97845,1
40.685129,-73.982197,1
40.682143,-73.978477,1
40.71672,-73.955916,1
40.683894,-73.995739,0
40.70504,-73.98732,1
40.676204,-73.975829,0
40.671721,-73.972493,0
40.70504,-73.98732,1
40.619555,-74.016845,1
40.70504,-73.98732,1
40.68013,-73.97275,1
40.680403,-74.001196,1
40.703824,-73.985838,1
40.633191,-74.037073,1
40.70504,-73.98732,1
40.70504,-73.98732,1
40.724225,-73.955081,1
40.667807,-73.982971,1
40.679788,-73.981197,1
40.688993,-73.998034,1
40.674915,-73.975162,0
40.6797,-73.97092,0
40.681797,-73.992304,1
40.699357,-73.994669,0
40.691515,-73.985428,1
40.714047,-73.950531,1
40.689587,-73.997487,0
40.688753,-73.967972,1
40.682142,-73.97845,1
40.682142,-73.97845,1
40.68091,-73.968406,1
40.70504,-73.98732,1
40.703069,-73.986249,1
40.694822,-73.991705,0
40.70189,-73.99553,1
40.70504,-73.98732,1
40.70504,-73.98732,1
40.694822,-73.991705,0
40.734029,-73.959822,1
40.703856,-73.986582,1
40.684453,-74.00045,0
40.703856,-73.986582,1
40.703082,-73.990689,1
40.662629,-73.983291,1
40.694822,-73.991705,0
40.688782,-73.987508,1
40.624897,-74.034256,1
40.70504,-73.98732,1
40.693254,-73.999539,0
40.72423,-73.955311,1
40.70504,-73.98732,1
40.681649,-73.912277,1
40.664025,-73.983984,1
40.666316,-73.983831,1
40.70504,-73.98732,1
40.680097,-73.981329,1
40.596486,-73.967592,1
40.680187,-73.981583,1
40.668587,-73.976279,0
40.723714,-73.955945,1
40.68394,-73.996025,1
40.723714,-73.955945,1
40.680108,-73.989998,1
40.690536,-73.992812,0
40.72423,-73.955311,1
40.629047,-74.03858,1
40.669464,-73.975105,0
40.70504,-73.98732,1
40.64412,-73.995064,1
40.681695,-73.989903,1
40.691515,-73.985428,1
40.685129,-73.982197,0
40.711789,-73.952968,1
40.688856,-73.977756,0
40.681695,-73.989903,1
40.709957,-73.968491,1
40.681695,-73.989903,1
40.70504,-73.98732,1
40.685804,-73.963301,1
40.694822,-73.991705,0
40.684621,-73.98506,1
40.679231,-73.991781,1
40.679074,-73.975506,0
40.675824,-73.972569,0
40.694822,-73.991705,0
40.715658,-73.944553,1
40.682143,-73.978477,1
40.68545,-73.987172,1
40.688904,-73.992244,0
40.678186,-73.966934,1
40.681877,-73.999479,1
40.673384,-73.95758,1
40.703069,-73.986249,1
40.70189,-73.99553,1
40.709957,-73.968491,1
40.666316,-73.983831,1
40.73318,-73.95443,1
40.666196,-73.980114,0
40.709957,-73.968491,1
40.679231,-73.991781,1
40.70504,-73.98732,1
40.709957,-73.968491,1
40.709957,-73.968491,1
40.714914,-73.954368,1
40.6805,-73.994655,1
40.678292,-73.999662,1
40.703856,-73.986582,1
40.688856,-73.977756,0
40.713855,-73.96365,1
40.688782,-73.987508,1
40.703856,-73.986582,1
40.70504,-73.98732,1
40.703856,-73.986582,1
40.709957,-73.968491,1
40.657221,-73.953312,1
40.605092,-74.007316,1
40.700343,-73.991639,0
40.616652,-73.950277,1
40.709957,-73.968491,1
40.713212,-73.938097,1
40.681507,-73.97596,1
40.685129,-73.982197,0
40.693254,-73.999539,0
40.709957,-73.968491,1
40.684621,-73.98506,1
40.691765,-73.99177,0
40.683234,-73.993933,1
40.686685,-73.987755,0
40.703069,-73.986249,1
40.709957,-73.968491,1
40.692383,-73.985243,1
40.678282,-73.999975,1
40.703069,-73.986249,1
40.682279,-73.964642,1
40.70192,-73.98964,0
40.694822,-73.991705,0
40.67618,-73.922295,1
40.682595,-73.977797,1
40.70189,-73.99553,1
40.667836,-73.946482,1
40.683234,-73.993933,1
40.71123,-73.948062,1
40.735704,-73.956698,1
40.70504,-73.98732,1
40.703069,-73.986249,1
40.703856,-73.986582,1
40.717446,-73.949917,1
40.694822,-73.991705,0
40.694822,-73.991705,0
40.679231,-73.991781,1
40.709957,-73.968491,1
40.678986,-73.994288,1
40.684362,-74.00024,1
40.703069,-73.986249,1
40.677474,-73.996726,1
40.70189,-73.99553,1
40.689597,-73.997526,0
40.679231,-73.991781,1
40.67175,-73.98241,0
40.67498,-73.99973,1
40.68844,-73.963629,1
40.635742,-73.951195,1
40.703856,-73.986582,1
40.703856,-73.986582,1
40.694822,-73.991705,0
40.665615,-73.961377,1
40.665615,-73.961377,1
40.66534,-73.96118,1
40.714847,-73.962944,1
40.68572,-73.97501,0
40.684452,-73.982642,1
40.665625,-73.961378,1
40.665615,-73.961377,1
40.681054,-73.870212,1
40.678238,-74.001968,0
40.676103,-73.981779,1
40.665625,-73.961378,1
40.703123,-73.98582,1
40.677313,-73.998999,1
40.693254,-73.999539,0
40.721084,-73.962965,1
40.703856,-73.986582,1
40.714589,-73.957988,1
40.677581,-74.01266,1
40.703856,-73.986582,1
40.682977,-73.952578,1
40.685375,-73.969332,1
40.63015,-74.03952,1
40.703856,-73.986582,1
40.605307,-73.909923,1
40.679231,-73.991781,1
40.679231,-73.991781,1
40.670125,-73.982218,1
40.723401,-73.949565,1
40.685129,-73.982197,0
40.703069,-73.986249,1
40.648175,-74.012349,1
40.703856,-73.986582,1
40.703082,-73.990689,1
40.679231,-73.991781,1
40.678672,-74.000913,0
40.618835,-73.990501,1
40.688904,-73.992244,0
40.67593,-73.977208,0
40.683331,-73.977694,1
40.678473,-73.919866,1
40.66057,-73.95837,1
40.675175,-73.973202,0
40.663422,-73.952362,1
40.676972,-74.000713,1
40.680617,-73.965935,1
40.685014,-73.973136,0
40.67894,-73.97526,0
40.691515,-73.985428,1
40.670998,-73.930931,1
40.683326,-73.999579,0
40.689247,-73.999756,0
40.703069,-73.986249,1
40.634159,-74.004494,1
40.679231,-73.991781,1
40.610665,-74.000583,1
40.712336,-73.944655,1
40.688904,-73.992244,0
40.691515,-73.985428,1
40.703069,-73.986249,1
40.686275,-73.989279,0
40.710829,-73.951111,1
40.711224,-73.961146,1
40.643604,-74.001549,1
40.66074,-73.953632,1
40.703807,-73.990578,1
40.684025,-73.959986,1
40.674054,-73.97071,0
40.703807,-73.990578,1
40.68609,-73.992961,0
40.616971,-74.01266,0
40.667646,-73.987593,1
40.624162,-73.959274,1
40.679231,-73.991781,1
40.70189,-73.99553,1
40.703082,-73.990689,1
40.703069,-73.986249,1
40.682498,-73.991967,0
40.68091,-73.968406,0
40.682027,-73.994885,1
40.679231,-73.991781,1
40.680375,-73.976197,1
40.653521,-73.979068,1
40.71317,-73.94942,1
40.677099,-74.014004,1
40.719652,-73.963755,1
40.683682,-73.962847,1
40.695158,-73.992937,0
40.682007,-73.948185,1
40.703082,-73.990689,1
40.672146,-73.988974,1
40.678949,-73.994285,0
40.703856,-73.986582,1
40.717438,-73.949623,1
40.701712,-73.988607,1
40.68267,-73.97913,1
40.677474,-74.011684,1
40.679231,-73.991781,1
40.670571,-73.976963,0
40.632004,-73.959465,1
40.711088,-73.949835,1
40.682347,-73.951772,1
40.705173,-73.943162,1
40.683971,-73.959011,1
40.691515,-73.985428,1
40.703856,-73.986582,1
40.691515,-73.985428,1
40.617128,-73.985196,1
40.703856,-73.986582,1
40.709957,-73.968491,1
40.709957,-73.968491,1
40.63038,-74.00823,1
40.70504,-73.98732,1
40.709957,-73.968491,1
40.679231,-73.991781,0
40.691515,-73.985428,1
40.703856,-73.986582,1
40.691515,-73.985428,1
40.678186,-73.966934,1
40.70504,-73.98732,1
40.723401,-73.949565,1
40.617043,-74.024911,1
40.601178,-74.001114,1
40.725928,-73.947063,1
40.691515,-73.985428,1
40.685129,-73.982197,0
40.71186,-73.96462,1
40.660796,-73.989493,1
40.599255,-73.962278,1
40.687319,-73.965667,1
40.681497,-73.957479,1
40.688734,-73.978412,0
40.703856,-73.986582,1
40.688734,-73.978412,0
40.709957,-73.968491,1
40.709957,-73.968491,1
40.709957,-73.968491,1
40.631752,-74.02894,1
40.687183,-74.000664,0
40.70504,-73.98732,1
40.688904,-73.992244,0
40.70189,-73.99553,1
40.674153,-73.952854,1
40.691515,-73.985428,1
40.703856,-73.986582,1
40.679231,-73.991781,0
40.709957,-73.968491,1
40.711988,-73.964778,1
40.709957,-73.968491,1
40.709957,-73.968491,1
40.709957,-73.968491,1
40.709957,-73.968491,1
40.70504,-73.98732,1
40.711255,-73.965236,1
40.687452,-73.992259,0
40.676268,-73.982202,1
40.684817,-73.987621,0
40.678255,-73.981048,1
40.685775,-73.982835,0
40.667812,-73.982981,0
40.693254,-73.999539,0
40.709957,-73.968491,1
40.67696,-73.937354,1
40.626265,-73.940695,1
40.631062,-74.029398,1
40.697186,-73.914162,1
40.679824,-73.970227,0
40.667812,-73.982981,0
40.733891,-73.951126,1
40.701578,-73.955145,1
40.687835,-73.910778,1
40.695597,-73.995818,0
40.71705,-73.963913,1
40.685673,-73.982919,0
40.679478,-73.973021,0
40.605399,-74.002202,1
40.692507,-73.941357,1
40.70192,-73.98964,0
40.691515,-73.985428,1
40.718106,-73.962576,0
40.679231,-73.991781,0
40.685129,-73.982197,0
40.703856,-73.986582,1
40.688904,-73.992244,0
40.70504,-73.98732,1
40.709957,-73.968491,1
40.691515,-73.985428,1
40.703856,-73.986582,1
40.70504,-73.98732,1
40.709957,-73.968491,1
40.678186,-73.966934,1
40.680733,-73.978546,1
40.659637,-73.958503,1
40.703856,-73.986582,1
40.728305,-73.947435,1
40.617853,-74.018597,0
40.678186,-73.966934,1
40.685129,-73.982197,0
40.685129,-73.982197,0
40.691123,-73.989799,0
40.67605,-73.97271,0
40.72621,-73.94337,1
40.624686,-74.024574,1
40.703123,-73.98582,1
40.703856,-73.986582,1
40.645047,-73.968919,1
40.703856,-73.986582,1
40.70504,-73.98732,1
40.684765,-74.002806,1
40.693254,-73.999539,0
40.703856,-73.986582,1
40.68424,-73.961999,0
40.677227,-74.001293,0
40.603013,-73.961327,0
40.64279,-73.968529,1
40.703856,-73.986582,1
40.685129,-73.982197,0
40.688565,-73.949894,1
40.663952,-73.986519,1
40.68848,-74.0006,0
40.678871,-73.970056,0
40.652407,-74.006137,1
40.658877,-73.957385,1
40.663676,-73.991447,1
40.716561,-73.946421,1
40.670606,-73.987447,0
40.656899,-73.953718,1
40.697556,-73.996941,0
40.6856,-73.96156,1
40.6819,-73.964867,1
40.692572,-73.967695,1
40.685129,-73.982197,0
40.685129,-73.982197,0
40.691515,-73.985428,1
40.685129,-73.982197,0
40.703856,-73.986582,1
40.703856,-73.986582,1
40.679231,-73.991781,0
40.703856,-73.986582,1
40.709957,-73.968491,1
40.679231,-73.991781,0
40.694504,-73.998482,0
40.642671,-73.975789,1
40.699143,-73.955596,1
40.703856,-73.986582,1
40.683971,-73.959011,0
40.718106,-73.962576,0
40.703856,-73.986582,1
40.68076,-73.967786,1
40.679231,-73.991781,0
40.703856,-73.986582,1
40.703824,-73.985838,1
40.679231,-73.991781,0
40.711105,-73.960833,1
40.714932,-73.96487,1
40.66992,-73.992273,0
40.682203,-73.933265,1
40.683569,-73.947673,1
40.658871,-73.958859,1
40.678721,-73.999879,0
40.602146,-73.996559,1
40.697099,-73.970642,1
40.697125,-73.970648,1
40.703856,-73.986582,1
40.697099,-73.970642,1
40.697125,-73.970648,1
40.697099,-73.970642,1
40.697082,-73.971627,1
40.703856,-73.986582,1
40.7166,-73.95324,1
40.703807,-73.990578,1
40.703856,-73.986582,1
40.678186,-73.966934,1
40.68076,-73.967786,1
40.581319,-73.96286,1
40.720811,-73.960884,1
40.693254,-73.999539,0
40.679231,-73.991781,0
40.703856,-73.986582,1
40.687378,-73.931976,1
40.679231,-73.991781,0
40.701771,-73.986751,1
40.714451,-73.958328,1
40.638912,-73.968598,1
40.703856,-73.986582,1
40.679231,-73.991781,0
40.680756,-73.933055,1
40.697108,-73.971632,1
40.697125,-73.970648,1
40.661309,-73.955318,1
40.697099,-73.970642,1
40.694851,-73.972178,1
40.697099,-73.970642,1
40.680756,-73.933055,1
40.693254,-73.999539,0
40.68091,-73.968406,0
40.679231,-73.991781,0
40.703114,-73.98467,1
40.685129,-73.982197,0
40.703856,-73.986582,1
40.679231,-73.991781,0
40.697082,-73.971627,1
40.679231,-73.991781,0
40.713077,-73.959497,1
40.697099,-73.970642,1
40.703856,-73.986582,1
40.703856,-73.986582,1
40.703856,-73.986582,1
40.703856,-73.986582,1
40.64366,-74.01944,1
40.70192,-73.98964,0
40.713077,-73.959497,0
40.679824,-73.970227,0
40.689926,-73.935875,1
40.692069,-73.914556,1
40.677955,-73.957214,1
40.722633,-73.94371,1
40.61713,-74.01112,1
40.692069,-73.914556,1
40.615303,-73.974175,1
40.685129,-73.982197,0
40.685129,-73.982197,0
40.696804,-73.984222,0
40.676576,-73.938719,1
40.693806,-73.998707,0
40.651051,-73.957146,1
40.686215,-73.959493,1
40.680304,-73.964606,1
40.683039,-73.981003,1
40.689187,-73.994884,0
40.697082,-73.971627,1
40.718661,-73.957976,1
40.68559,-73.942848,1
40.697099,-73.970642,1
40.672047,-73.988769,1
40.672951,-73.971098,0
40.685129,-73.982197,0
40.663422,-73.952362,1
40.681459,-73.933345,1
40.615647,-73.976089,1
40.672519,-73.964179,1
40.634106,-73.959862,1
40.697082,-73.971627,1
40.697099,-73.970642,1
40.666177,-73.990609,1
40.697251,-73.977427,1
40.693806,-73.998707,0
40.685129,-73.982197,0
40.714451,-73.958328,1
40.68091,-73.968406,0
40.681129,-73.97244,0
40.697099,-73.970642,1
40.697082,-73.971627,1
40.697099,-73.970642,1
40.703856,-73.986582,1
40.697082,-73.971627,1
40.697082,-73.971627,1
40.703856,-73.986582,1
40.693574,-73.983568,1
40.697099,-73.970642,1
40.703856,-73.986582,1
40.691515,-73.985428,1
40.678186,-73.966934,1
40.672519,-73.964179,1
40.703856,-73.986582,1
40.640297,-73.970097,1
40.68766,-73.99487,0
40.68091,-73.968406,0
40.692441,-73.924605,1
40.657491,-73.977818,0
40.667812,-73.982981,0
40.657491,-73.977818,0
40.678473,-73.919866,1
40.689654,-73.953159,1
40.640146,-74.017295,1
40.691442,-73.905372,1
40.63999,-74.01753,1
40.602063,-73.974316,1
40.691456,-73.943989,1
40.618199,-74.036167,1
40.720429,-73.96333,1
40.680638,-73.934621,1
40.628146,-74.033924,0
40.714451,-73.958328,1
40.69312,-73.997852,0
40.63419,-74.00792,0
40.687784,-73.943348,1
40.625827,-74.010457,1
40.680752,-73.945863,1
40.684884,-73.942775,1
40.709957,-73.968491,1
40.685129,-73.982197,0
40.687199,-73.907562,1
40.7166,-73.95324,0
40.685129,-73.982197,0
40.68076,-73.967786,1
40.68107,-73.959749,0
40.693254,-73.999539,0
40.682952,-73.959263,1
40.659922,-73.954025,1
40.589598,-73.985127,1
40.678186,-73.966934,1
40.685129,-73.982197,0
40.703856,-73.986582,1
40.71471,-73.954221,1
40.691515,-73.985428,1
40.685129,-73.982197,0
40.61227,-73.95961,1
40.718842,-73.951536,1
40.674591,-73.973683,0
40.697289,-73.967695,0
40.608502,-73.997807,1
40.661089,-73.946606,1
40.670661,-73.949012,1
40.681786,-73.941856,1
40.675632,-73.95927,0
40.675598,-73.968207,0
40.674395,-73.951421,1
40.671679,-73.94463,1
40.673157,-73.971466,0
40.689626,-73.930423,1
40.686239,-73.937177,1
40.67939,-73.97356,0
40.652289,-73.976004,1
40.703163,-73.92266,1
40.691254,-73.937431,1
40.703856,-73.986582,1
40.603646,-74.007619,1
40.603646,-74.007619,1
40.668003,-73.976303,0
40.683234,-73.993933,1
40.597516,-73.977676,1
40.663593,-73.977712,0
40.677426,-73.963128,1
40.703123,-73.98582,1
40.657086,-73.978887,0
40.64861,-74.000968,1
40.675577,-74.015926,1
40.672519,-73.964179,1
40.667812,-73.982981,0
40.661817,-73.950621,1
40.691456,-73.943989,1
40.669908,-73.972419,0
40.703856,-73.986582,1
40.686887,-73.959586,0
40.685102,-73.977871,1
40.660074,-73.992858,1
40.683006,-73.990227,0
40.681755,-74.00057,0
40.713127,-73.964935,1
40.683234,-73.993933,0
40.719078,-73.94381,1
40.6605,-73.989456,1
40.673025,-73.926666,1
40.693254,-73.999539,0
40.702837,-73.990696,1
40.577009,-73.957597,1
40.679231,-73.991781,0
40.692572,-73.967695,0
40.658015,-73.989695,1
40.614447,-74.035651,1
40.685819,-73.934343,1
40.667822,-73.983007,0
40.679231,-73.991781,0
40.682279,-73.964642,0
40.679231,-73.991781,0
40.70995,-73.96331,0
40.709957,-73.968491,1
40.685618,-73.936404,1
40.68091,-73.968406,0
40.676148,-73.951174,1
40.698634,-73.992427,0
40.617691,-73.98185,0
40.727116,-73.954694,0
40.659001,-73.957216,0
40.637337,-74.033731,1
40.709957,-73.968491,1
40.727116,-73.954694,0
40.666764,-73.986604,0
40.625233,-73.981978,1
40.69444,-73.971097,1
40.631919,-74.026954,1
40.604331,-73.959354,1
40.575092,-73.951836,0
40.70192,-73.98964,0
40.673192,-73.967053,0
40.685129,-73.982197,0
40.688557,-73.977664,0
40.693329,-73.9496,1
40.684898,-73.942392,1
40.712443,-73.947445,1
40.63377,-73.961693,1
40.61205,-73.995347,1
40.679231,-73.991781,0
40.709957,-73.968491,0
40.687972,-73.928685,1
40.678186,-73.966934,1
40.703856,-73.986582,1
40.713077,-73.959497,0
40.709957,-73.968491,0
40.709957,-73.968491,0
40.70192,-73.98964,0
40.688782,-73.987508,0
40.709957,-73.968491,0
40.709957,-73.968491,0
40.679271,-73.967545,0
40.682785,-73.956459,1
40.637341,-74.016151,0
40.620275,-74.036736,1
40.684638,-73.957737,1
40.703856,-73.986582,1
40.70192,-73.98964,0
40.690706,-73.944,1
40.660558,-73.955301,1
40.632345,-73.963193,1
40.671986,-73.974014,0
40.71651,-73.95171,1
40.615303,-73.974175,1
40.696427,-73.995283,0
40.674833,-73.953582,1
40.676513,-73.997537,0
40.662157,-73.987232,0
40.683397,-73.997551,0
40.694438,-73.94035,1
40.685036,-73.92161,1
40.673716,-73.98347,0
40.615486,-73.989799,1
40.688782,-73.987508,0
40.618517,-74.011008,0
40.713077,-73.959497,0
40.709957,-73.968491,0
40.70192,-73.98964,0
40.687957,-73.991526,1
40.687029,-73.958456,0
40.642199,-73.970418,1
40.685102,-73.977871,1
40.709957,-73.968491,0
40.672476,-73.94891,1
40.668555,-73.99197,1
40.644608,-74.004478,1
40.709957,-73.968491,0
40.697099,-73.970642,1
40.662315,-73.99051,1
40.689298,-73.993705,0
40.6446,-74.00448,1
40.697125,-73.970648,1
40.672519,-73.964179,1
40.689127,-73.915388,1
40.686642,-73.95355,1
40.682732,-73.922089,1
40.709957,-73.968491,0
40.638054,-74.014893,1
40.685129,-73.982197,0
40.709957,-73.968491,0
40.71317,-73.959999,0
40.627364,-74.032385,0
40.709957,-73.968491,0
40.644158,-74.005753,0
40.659128,-73.955286,0
40.681119,-74.001788,1
40.686864,-73.957891,0
40.676122,-74.000094,0
40.67368,-73.98291,0
40.675489,-73.956248,1
40.666938,-73.946573,1
40.574301,-74.00688,1
40.679231,-73.991781,0
40.689333,-73.974364,0
40.578281,-73.951252,1
40.68122,-74.00169,0
40.680009,-73.954828,1
40.689333,-73.974364,0
40.645677,-74.011222,1
40.680378,-73.94117,1
40.686202,-73.931034,1
40.659558,-73.953409,1
40.63473,-73.947998,1
40.616484,-73.931412,1
40.68448,-73.92179,1
40.70192,-73.98964,0
40.59037,-73.976463,1
40.670024,-73.908357,1
40.654727,-73.9809,0
40.685963,-73.931236,1
40.642207,-73.97531,1
40.686325,-73.942949,1
40.685811,-73.921648,1
40.588272,-73.967882,1
40.630405,-74.020777,1
40.630907,-74.035532,0
40.618281,-74.038026,1
40.615303,-73.974175,1
40.626732,-74.03006,1
40.626732,-74.03006,1
40.633472,-73.96437,1
40.635164,-73.957261,1
40.690363,-73.930528,1
40.72043,-73.955923,0
40.686073,-73.919106,1
40.666789,-73.986583,0
40.71506,-73.961472,1
40.686347,-73.94302,1
40.691515,-73.985428,1
40.688647,-73.914725,1
40.685129,-73.982197,0
40.67718,-73.940755,1
40.701771,-73.986751,1
40.714112,-73.962239,0
40.71905,-73.94868,1
40.709957,-73.968491,0
40.709957,-73.968491,0
40.599156,-73.999135,0
40.709957,-73.968491,0
40.701712,-73.988607,1
40.613358,-73.908123,1
40.67435,-73.967293,0
40.709957,-73.968491,0
40.634739,-74.035342,0
40.615305,-73.990739,1
40.660019,-73.944229,1
40.709957,-73.968491,0
40.687933,-73.998485,0
40.667812,-73.982981,0
40.709957,-73.968491,0
40.621003,-74.033436,1
40.709957,-73.968491,0
40.667812,-73.982981,0
40.693254,-73.999539,0
40.675821,-74.010692,1
40.713077,-73.959497,0
40.601358,-73.981345,1
40.701712,-73.988607,1
40.685129,-73.982197,0
40.634691,-73.953194,1
40.709957,-73.968491,0
40.709957,-73.968491,0
40.674367,-73.988971,1
40.709957,-73.968491,0
40.688603,-73.906542,1
40.71198,-73.96503,1
40.701712,-73.988607,1
40.709957,-73.968491,0
40.587578,-73.944984,0
40.709957,-73.968491,0
40.687172,-73.96173,0
40.596441,-73.967543,0
40.677933,-73.955359,1
40.709957,-73.968491,0
40.615761,-73.972183,1
40.687168,-73.961762,0
40.709957,-73.968491,0
40.703856,-73.986582,1
40.613875,-74.035201,1
40.692383,-73.985243,1
40.709957,-73.968491,0
40.66992,-73.992273,0
40.724364,-73.952172,1
40.690487,-73.945038,1
40.590737,-73.961676,0
40.650388,-73.980859,1
40.641611,-73.978029,0
40.618621,-74.010748,1
40.660338,-73.990902,1
40.634739,-74.035342,0
40.583571,-73.955281,1
40.695299,-73.923384,1
40.689426,-73.929036,1
40.63245,-73.95629,1
40.686607,-73.934245,1
40.700201,-73.935438,1
40.615303,-73.974175,1
40.670938,-73.979474,0
40.696741,-73.992333,0
40.696741,-73.992333,0
40.711842,-73.945677,1
40.70921,-73.968506,1
40.688224,-73.978363,0
40.658261,-73.957602,0
40.616415,-73.952142,0
40.666177,-73.990609,0
40.692621,-73.909643,1
40.68091,-73.968406,0
40.711842,-73.945677,1
40.68491,-73.99832,0
40.707998,-73.94417,0
40.654999,-74.000557,1
40.717514,-73.954252,0
40.679121,-73.939843,0
40.687292,-73.928316,0
40.709957,-73.968491,0
40.677692,-73.963712,0
40.689158,-73.937914,1
40.673686,-73.977542,0
40.709957,-73.968491,0
40.709957,-73.968491,0
40.709957,-73.968491,0
40.67777,-73.98046,0
40.685129,-73.982197,0
40.709957,-73.968491,0
40.6605,-73.989456,1
40.711842,-73.945677,1
40.703807,-73.990578,1
40.645843,-74.004021,0
40.709957,-73.968491,0
40.703856,-73.986582,1
40.709957,-73.968491,0
40.709957,-73.968491,0
40.606499,-73.990763,0
40.709957,-73.968491,0
40.598549,-73.994918,0
40.68928,-73.943602,1
40.709957,-73.968491,0
40.604992,-73.960991,0
40.682868,-73.927559,1
40.598778,-73.947416,1
40.594463,-73.972488,1
40.687161,-73.907903,1
40.709957,-73.968491,0
40.678332,-73.912043,1
40.713077,-73.959497,0
40.690673,-73.967321,0
40.709957,-73.968491,0
40.709203,-73.953493,0
40.695047,-73.995171,0
40.690641,-73.913932,1
40.7273,-73.946065,1
40.684058,-73.936665,1
40.689986,-73.937257,1
40.639359,-73.986732,1
40.637145,-73.954687,1
40.714532,-73.966076,1
40.63902,-74.01953,0
40.63902,-74.01953,0
40.709957,-73.968491,0
40.717514,-73.954252,0
40.688647,-73.914725,1
40.711842,-73.945677,1
40.711842,-73.945677,1
40.683346,-73.936589,0
40.709957,-73.968491,0
40.666764,-73.986604,0
40.709957,-73.968491,0
40.709957,-73.968491,0
40.583355,-73.954258,1
40.683768,-73.913103,1
40.709957,-73.968491,0
40.60084,-73.97898,1
40.68851,-73.906635,1
40.621174,-74.023329,1
40.67305,-73.971198,1
40.693126,-73.996841,0
40.688499,-73.936282,0
40.58644,-73.947416,1
40.685138,-73.956485,1
40.709957,-73.968491,0
40.677975,-74.01001,1
40.688545,-73.936181,0
40.716594,-73.949999,0
40.60968,-74.012553,0
40.640962,-74.012543,0
40.69298,-73.950376,1
40.638729,-74.000206,0
40.640962,-74.012543,0
40.612961,-73.979923,0
40.640152,-73.988488,1
40.678434,-73.927974,1
40.702368,-73.993735,0
40.676497,-73.943204,1
40.711988,-73.964778,0
40.688224,-73.978363,0
40.711842,-73.945677,1
40.711842,-73.945677,1
40.70923,-73.96929,1
40.690458,-73.917582,1
40.685811,-73.921648,1
40.709957,-73.968491,0
40.684877,-73.99581,0
40.709957,-73.968491,0
40.695603,-73.914865,1
40.60232,-74.00459,0
40.713077,-73.959497,0
40.620014,-73.952343,0
40.620625,-74.020129,1
40.666764,-73.986604,0
40.605296,-73.967741,0
40.701894,-73.983104,0
40.687172,-73.96173,0
40.699671,-73.993046,0
40.675995,-74.016212,0
40.681755,-74.00057,0
40.680018,-73.963939,0
40.677477,-73.974638,1
40.681755,-74.00057,0
40.65174,-74.009017,1
40.720429,-73.96333,0
40.709957,-73.968491,0
40.709957,-73.968491,0
40.662727,-73.989713,0
40.683981,-73.930807,1
40.693254,-73.999539,0
40.691693,-73.916362,1
40.677437,-73.945521,0
40.697099,-73.970642,0
40.6861,-73.958017,0
40.665895,-73.977711,0
40.689382,-73.919863,1
40.67432,-73.968789,0
40.648357,-73.973772,0
40.617439,-73.990021,0
40.686057,-73.982547,0
40.718994,-73.942652,1
40.601616,-73.999802,0
40.615834,-73.984751,0
40.659723,-73.989235,1
40.624147,-74.012176,1
40.717339,-73.943124,0
40.631585,-73.969941,1
40.709957,-73.968491,0
40.707998,-73.94417,0
40.685129,-73.982197,0
40.693254,-73.999539,0
40.697099,-73.970642,0
40.703856,-73.986582,1
40.709957,-73.968491,0
40.709957,-73.968491,0
40.601844,-73.999893,0
40.66287,-73.987105,0
40.60457,-73.94493,1
40.606137,-73.982267,0
40.672519,-73.964179,1
40.712759,-73.937425,1
40.694777,-73.982993,0
40.699479,-73.918087,1
40.666764,-73.986604,0
40.688224,-73.978363,0
40.721084,-73.962965,1
40.697099,-73.970642,0
40.692181,-73.997308,0
40.661401,-73.953278,0
40.696246,-73.92889,1
40.644183,-73.973965,0
40.687096,-74.000739,0
40.687359,-73.912422,1
40.618481,-74.009743,0
40.67972,-73.949556,0
40.64759,-74.01343,1
40.69258,-73.91353,1
40.670119,-73.937775,1
40.690931,-73.929311,1
40.64759,-74.01343,1
40.691316,-73.915622,1
40.689025,-73.907251,0
40.657639,-73.981689,1
40.692234,-73.944011,1
40.692209,-73.97066,0
40.657262,-73.985104,0
40.70462,-73.91626,1
40.673419,-73.97485,0
40.685865,-73.9342,1
40.588341,-73.987652,0
40.61537,-73.977862,1
40.612403,-73.988234,0
40.62111,-73.98858,0
40.685129,-73.982197,0
40.642794,-74.0232,1
40.709957,-73.968491,0
40.709957,-73.968491,0
40.703856,-73.986582,1
40.654736,-74.000596,0
40.694045,-73.962836,0
40.697099,-73.970642,0
40.709957,-73.968491,0
40.620492,-73.947634,0
40.703114,-73.98467,0
40.660641,-73.991203,1
40.677862,-73.960811,1
40.717572,-73.942848,0
40.66547,-73.976128,0
40.617628,-74.035201,1
40.699671,-73.993046,0
40.709957,-73.968491,0
40.684765,-74.002806,0
40.62304,-74.013632,0
40.709957,-73.968491,0
40.692013,-73.913391,1
40.607628,-74.014629,0
40.703123,-73.98582,1
40.690673,-73.967321,0
40.6989,-73.994099,0
40.68392,-73.957621,0
40.679582,-73.963642,0
40.68392,-73.957621,0
40.709957,-73.968491,0
40.709957,-73.968491,0
40.688471,-73.937341,1
40.68076,-73.967786,0
40.676942,-73.965329,0
40.613674,-74.008662,0
40.690278,-73.934975,1
40.683861,-73.918827,1
40.66567,-73.994481,0
40.672519,-73.964179,1
40.659447,-73.988238,0
40.658137,-73.953298,1
40.709957,-73.968491,0
40.689839,-73.908807,1
40.587368,-73.938683,1
40.720429,-73.96333,0
40.684405,-73.990746,0
40.614538,-73.910951,0
40.709957,-73.968491,0
40.597928,-73.973905,0
40.709957,-73.968491,0
40.72034,-73.95774,0
40.611554,-73.905353,0
40.720429,-73.96333,0
40.710277,-73.963845,0
40.63308,-73.956562,0
40.682797,-73.978319,0
40.617253,-74.019158,0
40.588839,-73.971806,0
40.677862,-73.960811,1
40.717559,-73.957259,0
40.689165,-73.966044,0
40.657554,-74.002248,1
40.674393,-73.951392,1
40.644183,-73.973965,0
40.714589,-73.957988,0
40.685102,-73.977871,1
40.709957,-73.968491,0
40.709957,-73.968491,0
40.697099,-73.970642,0
40.684877,-73.99581,0
40.682279,-73.964642,0
40.6189,-74.03519,0
40.709957,-73.968491,0
40.71317,-73.959999,0
40.709957,-73.968491,0
40.644183,-73.973965,0
40.644073,-73.97417,0
40.709957,-73.968491,0
40.680382,-73.97828,0
40.7211,-73.94734,0
40.697125,-73.970648,1
40.686137,-73.925126,0
40.662017,-73.994589,0
40.682279,-73.964642,0
40.682523,-73.999097,0
40.62952,-74.02324,0
40.709957,-73.968491,0
40.709957,-73.968491,0
40.714589,-73.957988,0
40.66163,-73.949888,0
40.644183,-73.973965,0
40.697099,-73.970642,0
40.689839,-73.908807,1
40.651737,-73.978013,0
40.608126,-74.008684,0
40.655998,-73.979538,0
40.677367,-73.918235,1
40.586129,-73.959257,1
40.659823,-73.943967,1
40.670119,-73.937775,1
40.688714,-73.928726,1
40.686133,-73.957669,1
40.692234,-73.944011,1
40.676236,-73.923512,1
40.671536,-73.932308,1
40.689544,-73.907966,1
40.65757,-73.950623,1
40.693254,-73.999539,0
40.685669,-73.949108,0
40.634691,-73.953194,0
40.67476,-73.96831,0
40.5973,-73.983423,0
40.665702,-73.989547,0
40.720429,-73.96333,0
40.621038,-73.922129,1
40.687056,-73.983178,0
40.685872,-73.99052,0
40.683032,-73.908531,1
40.711842,-73.945677,1
40.61538,-73.950519,0
40.674628,-73.968931,0
40.669491,-73.952477,0
40.607884,-73.911055,1
40.711842,-73.945677,1
40.7166,-73.95324,0
40.714589,-73.957988,0
40.672552,-73.977562,0
40.699787,-73.924168,1
40.681831,-73.91691,1
40.679903,-73.975069,0
40.68076,-73.967786,0
40.709957,-73.968491,0
40.709957,-73.968491,0
40.644073,-73.97417,0
40.709957,-73.968491,0
40.697099,-73.970642,0
40.714451,-73.958328,1
40.7166,-73.95324,0
40.71888,-73.951079,0
40.669352,-73.991859,0
40.709957,-73.968491,0
40.701771,-73.986751,1
40.660213,-73.99022,0
40.71198,-73.96503,0
40.720171,-73.956521,0
40.644183,-73.973965,0
40.660213,-73.99022,0
40.712238,-73.945366,1
40.660213,-73.99022,0
40.697099,-73.970642,0
40.691515,-73.985428,0
40.701771,-73.986751,1
40.68076,-73.967786,0
40.709957,-73.968491,0
40.709957,-73.968491,0
40.709957,-73.968491,0
40.703856,-73.986582,1
40.709957,-73.968491,0
40.709957,-73.968491,0
40.605246,-73.977224,0
40.692234,-73.944011,1
40.644073,-73.97417,0
40.644183,-73.973965,0
40.68878,-73.93685,1
40.724991,-73.941428,0
40.673822,-73.964123,0
40.689061,-73.942128,0
40.719652,-73.963755,1
40.632465,-74.016928,0
40.697099,-73.970642,0
40.598557,-73.972821,0
40.712018,-73.96488,0
40.702872,-73.926842,0
40.721084,-73.962965,1
40.698525,-73.994203,0
40.709957,-73.968491,0
40.61215,-74.00834,0
40.663422,-73.952362,1
40.697645,-73.987034,1
40.701291,-73.944687,0
40.690583,-73.920021,0
40.68208,-73.87859,1
40.583886,-73.934336,1
40.576591,-73.959002,1
40.579864,-73.960471,1
40.635368,-74.030119,0
40.709957,-73.968491,0
40.584294,-73.951254,1
40.717958,-73.955706,0
40.68076,-73.967786,0
40.697099,-73.970642,0
40.709957,-73.968491,0
40.709957,-73.968491,0
40.606954,-73.924486,1
40.663333,-73.98918,0
40.671412,-73.929483,1
40.598297,-73.976173,0
40.697099,-73.970642,0
40.721084,-73.962965,1
40.687168,-73.961762,0
40.61474,-74.02489,1
40.687172,-73.96173,0
40.690007,-73.963059,1
40.675174,-73.971107,0
40.70192,-73.98964,0
40.670831,-73.979178,0
40.693254,-73.999539,0
40.717514,-73.954252,0
40.709957,-73.968491,0
40.709957,-73.968491,0
40.709957,-73.968491,0
40.61991,-74.01296,0
40.709957,-73.968491,0
40.709957,-73.968491,0
40.709957,-73.968491,0
40.709957,-73.968491,0
40.709957,-73.968491,0
40.714822,-73.948883,0
40.697099,-73.970642,0
40.709957,-73.968491,0
40.709957,-73.968491,0
40.709957,-73.968491,0
40.709957,-73.968491,0
40.709957,-73.968491,0
40.65777,-74.002539,1
40.697745,-73.988466,0
40.671749,-73.925591,0
40.678054,-73.986796,0
40.619265,-73.921573,1
40.683272,-73.909399,1
40.619265,-73.921573,1
40.673193,-73.912676,1
40.688134,-73.940601,0
40.583886,-73.934336,1
40.604269,-73.981909,0
40.71437,-73.939188,0
40.684416,-73.969143,0
40.68902,-73.958663,0
40.663422,-73.952362,0
40.682142,-73.97845,0
40.682279,-73.964642,0
40.68392,-73.957621,0
40.692492,-73.973701,0
40.68506,-74.00183,0
40.644183,-73.973965,0
40.680539,-74.002839,0
40.62304,-74.013632,0
40.691569,-73.918009,1
40.676927,-73.957816,1
40.57624,-73.99055,1
40.669235,-73.921514,1
40.6979,-73.988453,0
40.717514,-73.954252,0
40.709957,-73.968491,0
40.644183,-73.973965,0
40.689931,-73.989906,0
40.68076,-73.967786,0
40.63996,-73.96777,0
40.709957,-73.968491,0
40.615634,-73.974248,0
40.693574,-73.983568,1
40.709957,-73.968491,0
40.713077,-73.959497,0
40.709957,-73.968491,0
40.6317,-73.97449,1
40.681677,-73.91825,1
40.690712,-73.944206,0
40.717514,-73.954252,0
40.580674,-73.953592,0
40.709957,-73.968491,0
40.639156,-73.965923,0
40.681072,-73.959758,0
40.690673,-73.967321,0
40.709957,-73.968491,0
40.703856,-73.986582,1
40.69842,-73.988426,0
40.709957,-73.968491,0
40.709957,-73.968491,0
40.669914,-73.930031,1
40.619265,-73.921573,0
40.668176,-73.982516,0
40.645978,-73.954104,0
40.68932,-73.986663,0
40.713077,-73.959497,0
40.68076,-73.967786,0
40.604191,-74.008202,0
40.71317,-73.959999,0
40.71651,-73.95171,0
40.699787,-73.924168,0
40.709957,-73.968491,0
40.714451,-73.958328,1
40.619265,-73.921573,0
40.619265,-73.921573,0
40.619265,-73.921573,0
40.619265,-73.921573,0
40.674808,-73.980625,0
40.709957,-73.968491,0
40.685133,-73.954355,0
40.709957,-73.968491,0
40.709957,-73.968491,0
40.709957,-73.968491,0
40.709957,-73.968491,0
40.709459,-73.953488,0
40.709957,-73.968491,0
40.709957,-73.968491,0
40.713077,-73.959497,0
40.709957,-73.968491,0
40.690056,-73.949695,0
40.63451,-73.95846,0
40.687435,-73.967701,0
40.709957,-73.968491,0
40.709957,-73.968491,0
40.691123,-73.989799,0
40.709957,-73.968491,0
40.709957,-73.968491,0
40.709957,-73.968491,0
40.613146,-74.032413,0
40.682279,-73.964642,0
40.684416,-73.969143,0
40.610929,-73.929549,1
40.644558,-74.012459,0
40.709957,-73.968491,0
40.685129,-73.982197,0
40.71317,-73.959999,0
40.60661,-73.91057,0
40.676752,-73.960068,0
40.669491,-73.952477,0
40.614868,-73.97852,0
40.695007,-73.929867,0
40.606103,-73.943969,0
40.573718,-74.000477,0
40.599933,-73.956634,0
40.707998,-73.94417,0
40.707998,-73.94417,0
40.578038,-73.958171,1
40.622298,-74.010696,0
40.68076,-73.967786,0
40.681129,-73.97244,0
40.664382,-73.983689,0
40.691123,-73.989799,0
40.662428,-73.949335,1
40.661701,-73.981353,0
40.613848,-73.993632,0
40.611647,-73.985398,0
40.657592,-73.958278,0
40.614937,-74.032475,0
40.71765,-73.96066,0
40.685129,-73.982197,0
40.65342,-73.956104,0
40.694166,-73.933485,1
40.72687,-73.95051,0
40.682462,-73.967695,0
40.602838,-74.012122,0
40.683148,-73.953886,1
40.599286,-74.005522,0
40.613289,-74.031225,0
40.683148,-73.953886,1
40.621038,-73.922129,1
40.675325,-73.90728,1
40.671334,-73.989032,0
40.690056,-73.949695,0
40.652439,-73.97269,0
40.720079,-73.956897,0
40.676942,-73.965329,0
40.714451,-73.958328,1
40.694777,-73.982993,0
40.607085,-73.981496,0
40.618935,-74.010841,0
40.615463,-73.998795,0
40.667018,-73.974831,0
40.681661,-73.86599,1
40.57861,-73.96214,1
40.678929,-73.90986,1
40.604099,-73.951765,0
40.667424,-73.960497,0
40.600254,-73.99795,0
40.633415,-73.94548,0
40.600254,-73.99795,0
40.584146,-73.934044,1
40.62076,-73.9148,1
40.611281,-73.91165,0
40.716492,-73.954933,0
40.669491,-73.952477,0
40.679437,-73.99954,0
40.657264,-73.896962,1
40.688367,-73.990527,0
40.580674,-73.953592,0
40.720429,-73.96333,0
40.695007,-73.929867,0
40.671703,-73.930252,0
40.671086,-73.923597,0
40.60788,-73.949108,0
40.68091,-73.968406,0
40.586745,-73.944623,0
40.716594,-73.949999,0
40.679838,-73.963682,0
40.639531,-74.028055,0
40.601332,-73.976859,0
40.618502,-74.011023,0
40.68842,-73.99995,0
40.716594,-73.949999,0
40.68237,-73.96742,0
40.66765,-73.99309,0
40.718106,-73.962576,0
40.683148,-73.953886,1
40.716594,-73.949999,0
40.712238,-73.945366,1
40.661919,-73.946584,0
40.6734,-73.978723,0
40.713077,-73.959497,0
40.716594,-73.949999,0
40.680231,-73.918066,0
40.600254,-73.99795,0
40.600254,-73.99795,0
40.694946,-73.983277,0
40.676012,-73.983615,0
40.6734,-73.978723,0
40.71317,-73.959999,0
40.582264,-73.958419,0
40.688011,-73.999278,0
40.635889,-73.960517,0
40.662031,-73.943582,0
40.661597,-73.979348,0
40.58487,-73.9325,0
40.682809,-73.926033,0
40.593344,-73.956289,0
40.600254,-73.99795,0
40.716594,-73.949999,0
40.582264,-73.958419,0
40.614538,-73.910951,0
40.573718,-74.000477,0
40.670329,-73.952397,0
40.71651,-73.95171,0
40.677882,-73.927463,0
40.613509,-73.940489,0
40.645101,-73.946023,0
40.698189,-73.994441,0
40.689135,-73.956959,0
40.615845,-73.904894,0
40.676916,-73.965356,0
40.691681,-73.968503,0
40.619206,-74.03998,0
40.697125,-73.970648,1
40.610313,-73.930666,0
40.681553,-73.912817,0
40.599955,-73.977162,0
40.577407,-74.005061,0
40.659031,-73.891739,1
40.664371,-73.983699,0
40.613274,-74.033253,0
40.645977,-73.999646,0
40.625117,-73.908007,0
40.614319,-73.901339,0
40.68328,-74.003542,0
40.601773,-73.948721,0
40.673242,-73.98619,0
40.593475,-73.955403,0
40.664612,-73.993584,0
40.680347,-73.956327,0
40.68802,-73.95895,0
40.717095,-73.955072,0
40.685242,-73.982503,0
40.643949,-73.945946,1
40.686606,-73.999969,0
40.68802,-73.95895,0
40.674595,-73.983461,0
40.63451,-73.95846,0
40.64886,-73.94373,0
40.679217,-73.927709,1
40.672328,-73.946838,0
40.673875,-73.964379,0
40.641862,-73.902986,1
40.701771,-73.986751,0
40.6771,-73.98077,0
40.67677,-74.01248,0
40.620387,-73.908046,1
40.634662,-73.953188,0
40.694528,-73.996137,0
40.60886,-73.930336,0
40.696318,-73.997163,0
40.697099,-73.970642,0
40.680347,-73.956327,0
40.582264,-73.958419,0
40.728328,-73.948425,0
40.68076,-73.967786,0
40.713077,-73.959497,0
40.649354,-73.897948,0
40.591352,-73.988051,0
40.605289,-74.007059,0
40.662118,-73.982151,0
40.697099,-73.970642,0
40.619694,-74.038474,0
40.672519,-73.964179,0
40.697125,-73.970648,1
40.641059,-73.927305,0
40.697099,-73.970642,0
40.660379,-73.923377,0
40.713077,-73.959497,0
40.606936,-73.914009,0
40.68506,-74.00183,0
40.630011,-73.889137,0
40.68802,-73.95895,0
40.602863,-73.952087,0
40.632973,-73.894936,0
40.707998,-73.94417,0
40.697099,-73.970642,0
40.71317,-73.959999,0
40.680347,-73.956327,0
40.680347,-73.956327,0
40.693202,-73.967829,0
40.662017,-73.994589,0
40.713077,-73.959497,0
40.697099,-73.970642,0
40.639654,-73.900292,0
40.64107,-73.962488,0
40.65342,-73.956104,0
40.639947,-73.973731,0
40.632498,-73.902399,1
40.615188,-74.037648,0
40.716594,-73.949999,0
40.64716,-73.96328,0
40.693275,-73.941464,1
40.621038,-73.922129,1
40.639156,-73.965923,0
40.645618,-73.927799,0
40.634662,-73.953188,0
40.667981,-73.906423,0
40.673309,-73.973088,0
40.694195,-73.976223,1
40.693202,-73.967829,0
40.621029,-73.922129,1
40.688134,-73.940601,0
40.688134,-73.940601,0
40.62589,-73.94539,0
40.633645,-73.913734,0
40.582264,-73.958419,0
40.697099,-73.970642,0
40.68927,-73.93362,0
40.665529,-73.953218,0
40.677734,-73.924034,0
40.644326,-73.973996,0
40.692046,-73.964189,0
40.68237,-73.96742,0
40.68932,-73.986663,0
40.692724,-73.95479,0
40.582264,-73.958419,0
40.612605,-74.034696,0
40.583355,-73.954258,1
40.638486,-73.930943,0
40.593058,-73.935638,0
40.633119,-73.91441,1
40.65515,-73.95835,0
40.639101,-73.973008,0
40.692168,-73.903044,0
40.671487,-73.951925,1
40.697099,-73.970642,0
40.673693,-73.971486,0
40.61948,-74.0205,0
40.71317,-73.959999,0
40.692168,-73.903044,0
40.692168,-73.903044,0
40.655019,-73.958402,0
40.694748,-73.996916,0
40.707998,-73.94417,0
40.707998,-73.94417,0
40.628094,-73.945118,0
40.582264,-73.958419,0
40.714589,-73.957988,0
40.69085,-73.957324,0
40.698189,-73.994441,0
40.582264,-73.958419,0
40.692049,-73.978901,0
40.659444,-73.913004,0
40.661987,-73.981878,0
40.714451,-73.958328,0
40.628028,-73.94611,0
40.672753,-73.92109,0
40.573718,-74.000477,0
40.63345,-73.89669,0
40.636163,-73.949453,0
40.653479,-74.002852,0
40.667574,-73.868036,0
40.672842,-73.975478,0
40.609894,-73.98294,0
40.643425,-73.928455,0
40.687435,-73.967701,0
40.687645,-73.967715,0
40.698074,-73.93539,0
40.692507,-73.941357,0
40.675598,-73.968207,0
40.624052,-74.029997,0
40.597706,-73.988998,0
40.710986,-73.958386,0
40.622029,-74.007342,0
40.65802,-73.99046,0
40.58485,-73.98449,0
40.657132,-73.907543,1
40.586225,-73.987367,1
40.67647,-73.95537,0
40.652531,-73.974993,0
40.698525,-73.994203,0
40.61758,-73.99783,0
40.707998,-73.94417,0
40.575863,-73.968331,0
40.637173,-73.950011,0
40.677211,-73.904952,0
40.623804,-73.938613,0
40.697,-73.995043,0
40.687183,-74.000664,0
40.695934,-73.993722,0
40.65342,-73.956104,0
40.61662,-74.02339,0
40.590686,-73.990973,0
40.63687,-73.960489,0
40.682197,-73.882335,0
40.65342,-73.956104,0
40.65342,-73.956104,0
40.716594,-73.949999,0
40.639296,-73.913891,0
40.612136,-73.953841,0
40.696741,-73.992333,0
40.71317,-73.959999,0
40.582264,-73.958419,0
40.698074,-73.93539,0
40.617182,-74.038793,0
40.698384,-73.993806,0
40.636831,-73.946129,0
40.716594,-73.949999,0
40.674287,-73.9656,0
40.65342,-73.956104,0
40.65342,-73.956104,0
40.694349,-73.995499,0
40.692538,-73.968701,0
40.577211,-73.953943,0
40.61172,-74.0332,0
40.714451,-73.958328,0
40.638814,-73.97063,0
40.65342,-73.956104,0
40.727542,-73.944344,0
40.620396,-73.924096,0
40.716035,-73.939087,0
40.68076,-73.967786,0
40.687645,-73.967715,0
40.641102,-73.92727,0
40.602047,-73.9364,1
40.672352,-73.974812,0
40.612054,-74.035617,0
40.65342,-73.956104,0
40.629122,-73.934789,0
40.604498,-74.005566,0
40.616679,-73.916968,1
40.575335,-74.001807,1
40.573718,-74.000477,0
40.66068,-73.92206,0
40.64418,-74.01229,0
40.677135,-73.93998,0
40.675454,-73.909307,0
40.677135,-73.93998,0
40.687145,-73.967609,0
40.65342,-73.956104,0
40.651576,-73.924563,0
40.626992,-73.930646,0
40.693275,-73.941464,1
40.681284,-73.914418,0
40.697745,-73.988466,0
40.675207,-73.97108,0
40.577378,-74.005056,0
40.697645,-73.987034,1
40.651312,-73.957423,0
40.613824,-73.981423,0
40.681569,-73.953568,1
40.644723,-73.999151,0
40.640355,-73.939767,0
40.59084,-73.98697,1
40.645688,-73.922922,0
40.610788,-73.927539,0
40.639251,-73.913697,0
40.692961,-73.968753,0
40.582264,-73.958419,0
40.6054,-73.929832,0
40.647367,-74.000759,0
40.687333,-73.967649,0
40.58016,-74.00503,0
40.640202,-74.002158,0
40.687145,-73.967609,0
40.615188,-74.037648,0
40.670502,-73.891652,0
40.64107,-73.962488,0
40.685876,-73.960324,0
40.668549,-73.884581,0
40.64107,-73.962488,0
40.671861,-73.983068,0
40.635632,-73.888915,0
40.640552,-73.973851,0
40.641016,-73.962482,0
40.697811,-73.995587,0
40.671513,-73.875401,0
40.652469,-73.965709,0
40.608705,-73.980804,0
40.653318,-73.926661,0
40.688237,-73.967837,0
40.692262,-73.965685,0
40.63211,-73.94203,1
40.573718,-74.000477,0
40.635612,-73.972331,0
40.69045,-73.94417,1
40.65342,-73.956104,0
40.62373,-73.98751,0
40.647083,-74.000022,0
40.634303,-74.036743,0
40.617869,-73.930664,0
40.645527,-73.89048,0
40.672324,-73.973725,0
40.632276,-73.896718,0
40.631416,-73.934004,0
40.604114,-73.986525,0
40.703525,-73.919955,0
40.645026,-73.944117,0
40.679748,-73.908246,0
40.640759,-73.932151,0
40.707298,-73.948985,0
40.67285,-73.88118,0
40.67458,-73.91795,1
40.683148,-73.953886,1
40.627,-73.93518,0
40.618818,-73.916619,0
40.640104,-73.910128,0
40.719784,-73.940698,0
40.678192,-73.866883,0
40.633515,-73.894623,0
40.687333,-73.967649,0
40.665667,-73.887824,1
40.654593,-73.948388,0
40.682279,-73.964642,0
40.619743,-73.918449,0
40.683148,-73.953886,1
40.624013,-74.029967,0
40.694093,-73.994584,0
40.648678,-73.954452,0
40.642803,-73.932686,0
40.656631,-73.897714,0
40.624118,-73.908832,0
40.657002,-73.897697,0
40.637052,-73.971499,0
40.661597,-73.979348,0
40.639932,-73.96607,0
40.65423,-73.981596,0
40.637052,-73.971499,0
40.675256,-73.973323,0
40.692046,-73.964189,0
40.65206,-73.934881,0
40.691681,-73.968503,0
40.65342,-73.956104,0
40.65342,-73.956104,0
40.691471,-73.990944,0
40.623078,-73.906561,0
40.63926,-73.89618,0
40.673256,-73.947466,0
40.661597,-73.979348,0
40.672191,-73.963101,0
40.652866,-73.929471,0
40.628003,-73.95674,0
40.652589,-73.961502,0
40.609928,-73.923752,0
40.607415,-73.958954,0
40.641068,-73.909821,0
40.631801,-73.945465,0
40.612421,-73.956042,0
40.616451,-73.92191,0
40.676988,-73.97013,0
40.644578,-73.982055,0
40.595501,-73.982981,0
40.586569,-73.920907,1
40.693275,-73.941464,1
40.693275,-73.941464,1
40.671147,-73.972849,0
40.620708,-73.919632,0
40.612385,-74.034521,0
40.673054,-73.926663,1
40.687613,-73.998689,0
40.675176,-73.991815,0
40.691471,-73.990944,0
40.694281,-73.997566,0
40.68425,-73.964016,0
40.692046,-73.964189,0
40.661354,-73.979562,0
40.661354,-73.979562,0
40.691693,-73.916362,0
40.651312,-73.963613,0
40.639654,-73.900292,0
40.642946,-73.977208,0
40.65342,-73.956104,0
40.622974,-73.918623,0
40.64083,-73.88886,0
40.644506,-73.89129,0
40.633625,-73.937183,0
40.618992,-73.927792,0
40.691693,-73.916362,0
40.658714,-73.894429,0
40.639966,-73.972031,0
40.62287,-73.919548,0
40.585218,-73.936125,0
40.636068,-73.959537,0
40.59526,-73.99559,0
40.643584,-73.943482,0
40.634499,-73.96653,0
40.673419,-73.97485,0
40.692168,-73.903044,0
40.635491,-73.960186,0
40.617182,-74.038793,0
40.694093,-73.994584,0
40.636068,-73.959537,0
40.648537,-73.979349,0
40.68225,-73.91793,0
40.648399,-73.979319,0
40.589955,-73.922786,1
40.691693,-73.916362,0
40.63718,-74.027305,0
40.644512,-74.004783,0
40.655147,-73.884956,0
40.632345,-73.896435,0
40.694093,-73.994584,0
40.632345,-73.896435,0
40.619057,-73.925412,0
40.64107,-73.962488,0
40.688237,-73.967837,0
40.629931,-73.942639,0
40.620114,-73.969978,0
40.692168,-73.903044,0
40.639668,-74.035617,0
40.692168,-73.903044,0
40.642658,-73.974267,0
40.666831,-73.915968,0
40.692168,-73.903044,0
40.693275,-73.941464,1
40.630185,-73.942541,0
40.691693,-73.916362,0
40.589,-73.95722,0
40.676977,-73.970226,0
40.657812,-73.927153,0
40.676977,-73.970226,0
40.698189,-73.994441,0
40.641452,-73.892979,0
40.620465,-73.922226,0
40.692168,-73.903044,0
40.692168,-73.903044,0
40.59526,-73.99559,0
40.626859,-74.023719,0
40.654904,-73.958411,0
40.633447,-73.952842,0
40.641104,-73.963448,0
40.633546,-73.952011,0
40.584146,-73.934044,0
40.691809,-73.968528,0
40.693275,-73.941464,1
40.632643,-73.895969,0
40.685544,-74.002434,0
40.691693,-73.916362,0
40.607415,-73.958954,0
40.663422,-73.952362,0
40.584146,-73.934044,0
40.694093,-73.994584,0
40.638814,-73.97063,0
40.67028,-73.868965,0
40.672841,-73.963163,0
40.584363,-73.93153,0
40.658727,-73.897331,0
40.586412,-73.921261,0
40.694305,-73.995339,0
40.656193,-73.881313,0
40.634021,-73.978849,0
40.697538,-73.993414,0
40.62038,-73.921238,0
40.620114,-73.969978,0
40.69565,-73.946705,0
40.694093,-73.994584,0
40.61786,-73.97115,0
40.638616,-73.972916,0
40.620757,-74.040463,0
40.648537,-73.979349,0
40.684737,-73.967129,0
40.684737,-73.967129,0
40.648498,-73.980504,0
40.66009,-73.87852,0
40.61618,-73.95641,0
40.649112,-73.980619,0
40.62726,-73.90044,0
40.641822,-73.903002,0
40.624403,-74.040057,0
40.627696,-73.960766,0
40.694281,-73.997566,0
40.641861,-73.902986,0
40.640236,-73.907255,0
40.63252,-73.92124,0
40.641861,-73.902986,0
40.63017,-73.95796,0
40.660525,-73.867133,0
40.634437,-73.952175,0
40.584547,-73.937465,0
40.623387,-74.04077,0
40.692,-73.980748,0
40.649035,-73.931076,0
40.675813,-73.873607,0
40.695351,-73.991921,0
40.663667,-73.994981,0
40.66891,-73.98106,0
40.692168,-73.903044,0
40.633781,-73.968848,0
40.651312,-73.957423,0
40.64185,-73.95792,1
40.633781,-73.968848,0
40.630149,-73.944812,0
40.692168,-73.903044,0
40.630149,-73.944812,0
40.65381,-73.94907,0
40.617509,-74.038951,0
40.653839,-73.948548,0
40.666107,-73.869607,0
40.642658,-73.974267,0
40.629632,-73.92411,0
40.653839,-73.948548,0
40.638564,-73.949099,0
40.632921,-73.895318,0
40.628686,-73.960605,0
40.632821,-73.90649,0
40.634181,-73.957901,0
40.67261,-73.88872,0
40.69044,-73.94424,1
40.648332,-74.002035,0
40.619437,-74.040117,0
40.633447,-73.952842,0
40.629952,-73.971272,0
40.584363,-73.93153,0
40.630149,-73.944812,0
40.63307,-73.9464,0
40.630175,-73.90564,0
40.653839,-73.948548,0
40.615728,-74.037882,0
40.613951,-74.034286,0
40.605805,-73.989775,0
40.61573,-74.01261,0
40.6067,-73.94273,0
40.619437,-74.040117,0
40.62848,-73.971581,0
40.605797,-73.943087,0
40.614608,-74.033803,0
40.6067,-73.94273,0
40.611524,-73.928574,0
40.619694,-74.038474,0
40.639668,-74.035617,0
40.619786,-74.031155,0
40.674955,-73.976683,0
40.585256,-73.987747,0
40.597576,-73.949041,0
40.639101,-73.973008,0
40.654904,-73.958411,0
40.585332,-73.937519,0
40.618887,-74.039791,0
40.640126,-73.96524,0
40.646089,-74.01044,0
40.62885,-74.03016,0
40.594159,-73.956934,0
40.615469,-74.034931,0
40.61788,-74.03833,0
40.598118,-73.932623,0
40.63687,-73.960489,0
40.630027,-74.025377,0
40.692046,-73.964189,0
40.67278,-73.97931,0
40.62789,-74.0251,0
40.693835,-73.962729,0
40.614492,-74.037372,0
40.62285,-73.9458,0
40.65381,-73.94907,0
40.614492,-74.037372,0
40.647118,-73.92823,0
40.649146,-73.945508,0
40.630027,-74.025377,0
40.69038,-73.91904,0
40.649146,-73.945508,0
40.628124,-73.959994,0
40.61571,-73.96955,0
40.633011,-74.022355,0
40.61571,-73.96955,0
40.656524,-73.959281,0
40.630027,-74.025377,0
40.631943,-73.942614,0
40.614815,-73.947072,0
40.629733,-73.925235,0
40.66938,-73.976213,0
40.614815,-73.947072,0
40.584363,-73.93153,0
40.67497,-73.997679,0
40.646774,-73.890001,0
40.620127,-73.969395,0
40.606095,-73.94295,0
40.630149,-73.944812,0
40.58534,-73.934223,0
40.634303,-74.036743,0
40.631775,-73.945405,0
40.641658,-74.017447,0
40.617967,-74.036781,0
40.617776,-74.037142,0
40.629832,-73.927065,0
40.629832,-73.927065,0
40.630149,-73.944812,0
40.63307,-73.9464,0
40.619919,-74.037808,0
40.6358,-74.028983,0
40.61804,-74.026524,0
40.646448,-73.889636,0
40.629936,-73.927066,0
40.621048,-73.955577,0
40.64832,-73.944494,0
40.64921,-73.944566,0
40.629632,-73.92411,0
40.648221,-73.944454,0
40.607939,-73.924542,0
40.631943,-73.942614,0
40.63068,-73.9436,0
40.621044,-73.922105,0
40.599201,-73.934661,0
40.694607,-73.972166,0
40.663556,-73.942763,0
40.613923,-73.917263,0
40.64921,-73.944566,0
40.631801,-73.945465,0
40.629807,-73.925126,0
40.630149,-73.944812,0
40.6342,-74.02639,0
40.632521,-74.032325,0
40.593512,-73.943381,0
40.638564,-73.949099,0
40.598248,-73.934719,0
40.628686,-73.960605,0
40.629632,-73.92411,0
40.62978,-73.92751,0
40.620757,-74.040463,0
40.59697,-73.935099,0
40.714621,-73.94439,0
40.646774,-73.890001,0
40.647157,-73.889986,0
40.629807,-73.925126,0
40.616852,-74.036594,0
40.629733,-73.925235,0
40.630149,-73.944812,0
40.605805,-73.989775,0
40.647073,-73.890333,0
40.646448,-73.889636,0
40.598012,-73.932642,0
40.59781,-73.93464,0
40.586565,-73.945112,0
40.646448,-73.889636,0
40.600353,-73.934114,0
40.614006,-73.922323,0
40.598252,-73.933682,0
40.633781,-73.968848,0
40.634401,-74.023017,0
40.683206,-73.992805,0
40.619437,-74.040117,0
40.631801,-73.945465,0
40.643061,-73.905165,0
40.62971,-73.927012,0
40.629828,-73.925099,0
40.629799,-73.926906,0
40.697258,-73.907073,0
40.633817,-74.020885,0
40.66816,-73.92088,0
40.596031,-73.984023,0
40.647394,-73.904809,0
40.647394,-73.904809,0
40.605258,-73.912139,0
40.681523,-73.928801,0
40.686983,-73.937282,0
40.689425,-73.968777,0
40.699018,-73.932345,0
40.68979,-73.951962,0
40.686665,-73.973493,0
40.686665,-73.973493,0
40.614891,-73.936449,0
40.690734,-73.971414,0
40.682737,-73.969785,0
40.682737,-73.969785,0
40.656059,-73.897119,0
40.65757,-73.960305,0
40.62402,-74.029965,0
40.678677,-73.918331,0
40.681168,-73.891594,0
40.692621,-73.909643,0
40.639173,-73.900988,0
40.618953,-73.906501,0
40.649599,-73.951718,0
